Unnamed: 0,img_name,pitch,yaw,roll
0,image00002.jpg,-22.87423897,1.04430604,4.908885479
2,image00006.jpg,-10.57965183,50.4854126,-13.57064438
5,image00013.jpg,-1.536199212,0.6855652332000001,-12.64300823
6,image00014.jpg,3.272690296,6.344487667,-2.479920864
7,image00019.jpg,12.79005051,1.287639856,-0.3901248872
13,image00028.jpg,-6.475126743,4.059741974,0.3722284734
15,image00035.jpg,-25.85830498,-28.23565674,28.96844292
17,image00039.jpg,-0.5432847738000001,-2.549162626,3.311773539
18,image00040.jpg,-11.1470871,0.2331317514,0.2314250618
19,image00041.jpg,-6.404586315,0.7978927493,4.669691563
20,image00042.jpg,-11.00998211,-1.478917003,-7.72055006
21,image00043.jpg,-12.72171688,-5.614596844,-2.534055233
22,image00044.jpg,-5.870633125,-0.8390054703000001,-2.138810635
23,image00045.jpg,-10.27343369,-4.667913914,9.858469963
24,image00046.jpg,-15.78876495,-16.18259621,5.527181625
25,image00047.jpg,-2.542688847,-8.967191696,10.55864906
26,image00048.jpg,-2.023768663,3.442287922,3.055180073
27,image00049.jpg,-6.121578217,2.479656696,-1.190523028
28,image00050.jpg,-4.6635556220000005,0.9390740395,5.635691643
29,image00051.jpg,-1.531530619,2.096333742,4.641216755
30,image00052.jpg,-5.694944859,-4.097454548,2.690101624
31,image00053.jpg,-4.793926239,-5.620685101,2.584615231
32,image00054.jpg,-8.579289436,-1.148209095,2.234391928
33,image00055.jpg,-5.703166485,3.220807076,-1.67634666
34,image00056.jpg,-2.571244478,0.8343935013,0.5322691202000001
35,image00057.jpg,-2.601425648,-4.622591496,4.58614397
36,image00058.jpg,-14.03765011,-4.85120821,5.081556797
37,image00059.jpg,-7.182497025,-4.768706799,6.572423458
38,image00060.jpg,0.5365774035,-6.35789299,8.328095436
39,image00061.jpg,2.244752407,-0.9776204824,0.7866204381
40,image00062.jpg,4.351408482,-1.927281141,3.171457767
41,image00063.jpg,-7.960219383,-2.140670061,0.8532719016
42,image00064.jpg,6.314107895,-0.1132016405,2.563573599
43,image00065.jpg,-7.908564091,0.1327766925,5.19137001
44,image00066.jpg,-8.605042458,1.309991002,10.39364529
45,image00067.jpg,-8.613956451,-19.33560944,12.30396557
46,image00070.jpg,-10.76739693,-9.401809692,14.78215313
49,image00075.jpg,-30.95658684,9.733698845,-15.13217831
52,image00078.jpg,-2.295251131,40.78961945,4.711966038
53,image00079.jpg,-17.38721275,-3.139392376,-6.5068931580000005
54,image00080.jpg,9.963449478,2.5447824,-0.3721395135
55,image00081.jpg,4.464754581,17.90686417,-0.6893658042
56,image00082.jpg,-13.22238255,22.09760284,-5.494926453
57,image00083.jpg,-0.1408224553,-0.6044281125000001,-9.690895081
58,image00084.jpg,-25.01092339,9.146439552,-20.06750107
59,image00087.jpg,-3.783646345,8.707626343,-2.155998468
61,image00090.jpg,-10.571455,12.42239189,1.405465961
63,image00092.jpg,-15.11720562,-0.5825761557,-1.459597707
64,image00093.jpg,-7.551234722,0.6501591206,-1.194139004
65,image00095.jpg,-1.810369611,-19.33112144,0.528019309
66,image00097.jpg,-7.115633011,-0.8672561646,12.18546581
67,image00098.jpg,-11.43008327,15.57334137,-2.058632851
68,image00099.jpg,6.325831413,31.794981,-25.37623978
69,image00100.jpg,-18.02282143,-8.761569023,0.9153162241
70,image00101.jpg,-14.37184143,-14.69739151,13.42257118
76,image00112.jpg,11.99520016,-64.97327423,-0.8269497752
80,image00122.jpg,-9.523913383,-24.51562691,4.578860283
82,image00126.jpg,5.810515404,3.808113098,-0.3320708871
83,image00127.jpg,1.5664246080000002,6.235747337,-10.20650387
87,image00135.jpg,-8.991810799,0.9889041781,29.33810234
88,image00136.jpg,3.760890484,22.66965103,3.101159096
92,image00140.jpg,-2.395004511,-14.24758434,7.074338436
95,image00148.jpg,-16.43404198,6.659446716,-2.456790447
97,image00151.jpg,-0.4429499507,38.14237595,20.64963531
98,image00152.jpg,-7.361519814,13.7484808,-13.30089664
102,image00161.jpg,-25.05755806,-1.652981043,7.611226559
104,image00165.jpg,-9.648112297,-0.0468894131499999,0.7468737364
106,image00168.jpg,-12.68862629,-27.94173431,5.900312424
108,image00174.jpg,-22.75058174,-0.6305485964,3.685145378
109,image00175.jpg,2.192670345,-37.95874405,-9.756150246
115,image00183.jpg,4.30888319,-13.97178745,-9.312450409
117,image00187.jpg,20.81941986,-3.712361336,0.6974529028
120,image00197.jpg,4.239958286,24.74942398,-4.721425056
121,image00198.jpg,-7.785423756,40.92928696,-15.40258884
122,image00199.jpg,-6.601634026,-20.83393669,2.820965767
123,image00202.jpg,1.08155334,-7.636850834,-15.06025791
124,image00203.jpg,-4.435584545,4.139349937,4.8473329540000005
126,image00207.jpg,-3.804579496,15.8587141,-14.4051199
127,image00208.jpg,-4.672996998,16.55627632,4.580942154
129,image00210.jpg,-7.068623066,25.39161491,1.898049116
131,image00213.jpg,-19.61376381,-4.582178116,13.22310448
132,image00214.jpg,-14.82776165,4.752276421,-16.61783409
137,image00219.jpg,-16.37065125,8.936291695,-23.74569511
138,image00222.jpg,-16.39745522,17.06409454,-15.3421526
139,image00224.jpg,19.59923363,-14.73376942,-1.093247652
140,image00227.jpg,-22.84757423,59.23422241,-10.07966805
143,image00231.jpg,-6.050020218,20.69881248,-6.027699471
144,image00233.jpg,-6.844562531,-15.55268478,-1.863416433
145,image00234.jpg,-14.4781971,2.328226805,-5.416196346
147,image00237.jpg,-12.3002634,9.331504822,-6.346684456
149,image00246.jpg,-1.053894997,-19.03483582,3.56646657
151,image00254.jpg,-8.321954727,-5.434370518,18.66551971
152,image00255.jpg,-2.904866934,-0.4478179514,-4.83223629
156,image00261.jpg,-13.38668633,18.2630558,-5.162217617
157,image00262.jpg,-15.23326015,8.940139771,4.886174202
160,image00268.jpg,-23.13624573,-4.686450481,-1.778645515
161,image00269.jpg,-16.45045853,-1.689903378,-7.452243328
162,image00270.jpg,-10.97826099,27.19129944,-17.09474373
165,image00276.jpg,-0.7170613408000001,19.23285484,-8.660347939
166,image00278.jpg,0.9165748358,-35.89120865,-0.5888596177000001
169,image00282.jpg,-4.159421444,3.496819258,-2.796334505
170,image00283.jpg,-3.206497192,-21.64346886,5.98354578
171,image00287.jpg,-6.854842186,7.875862122,10.42268085
172,image00288.jpg,-0.2385559827,-41.14130402,-0.4220609665
173,image00289.jpg,-9.065786362,-25.14901924,-7.321921349
175,image00291.jpg,3.583376408,-3.88852191,-12.2881422
177,image00294.jpg,-8.158703804,7.826299191,-0.7036983967
180,image00299.jpg,1.846905947,-7.409807682,2.259996891
181,image00302.jpg,-2.061964273,4.544734955,-3.29003191
182,image00303.jpg,31.53112411,3.330263376,-1.580752254
185,image00310.jpg,-17.35953331,2.672724724,0.450137198
188,image00315.jpg,-0.6839007735,-29.12434006,-1.613212228
189,image00316.jpg,-3.5682125090000003,-2.57259202,0.1574568003
190,image00318.jpg,5.640488625,41.66721725,-9.08825779
191,image00320.jpg,-3.730550766,-2.099815369,17.73987579
192,image00321.jpg,-5.587945461,-3.446602821,-1.796923995
193,image00322.jpg,-5.567031384,13.54202461,-11.13967228
194,image00323.jpg,-9.957525253,2.601521492,-1.151540279
195,image00324.jpg,-13.62146759,38.79065323,-10.03841496
196,image00325.jpg,-5.557664871,-24.86917496,-2.534494162
197,image00327.jpg,-25.31431007,24.8294754,-13.81485367
198,image00328.jpg,-14.45932102,-4.890617371,2.446089268
201,image00331.jpg,6.076272964,11.86002445,-16.39787865
202,image00332.jpg,3.986636639,-3.014646769,15.36933804
203,image00333.jpg,6.296974182,6.8719244,7.905632496
206,image00337.jpg,12.05971336,11.31774139,-1.495398879
211,image00347.jpg,-3.037802458,-15.46863937,-1.765446544
213,image00349.jpg,-7.964008331,20.09574127,-6.388962746
214,image00350.jpg,-20.61758804,-4.545080662,4.189075947
215,image00351.jpg,-10.2305994,-7.286558628,3.3872311120000003
218,image00355.jpg,-11.1067667,-3.589625835,13.73404503
219,image00357.jpg,-6.647059917,-14.86756516,9.201853752
221,image00360.jpg,-3.552265644,-3.451640368,-8.187522888
222,image00362.jpg,0.7109793425000001,-3.082139015,-7.972490788
223,image00363.jpg,-8.181347847,-9.459794998,19.39780807
224,image00367.jpg,-0.8500202894000001,-12.6928215,4.37482214
226,image00370.jpg,-4.25245142,11.97866917,-5.486973763
227,image00371.jpg,-22.25290871,-9.30737114,2.061681747
230,image00376.jpg,8.087231636,-26.65975952,-12.65702629
232,image00379.jpg,-7.022956371,-3.159697533,-0.9128965735
234,image00387.jpg,-14.64270496,7.259824276,-6.604007244
235,image00389.jpg,-8.727389336,15.60977364,-12.94542313
236,image00391.jpg,-19.57562447,-3.281872511,2.111795187
239,image00395.jpg,-7.38069582,49.61552429,7.184503078
240,image00397.jpg,-17.03019333,8.093195915,-2.341393471
244,image00404.jpg,-13.06241035,-16.3078804,9.238005638
245,image00405.jpg,-13.99656677,1.331276536,8.291602135
246,image00408.jpg,-25.86645699,-22.60505104,13.2813282
247,image00410.jpg,-21.25784683,-26.54140854,2.509907484
248,image00412.jpg,-24.62928391,-2.15489316,1.009069324
250,image00419.jpg,-18.31575584,-2.343706369,-3.133250237
251,image00420.jpg,6.778985023,-27.04948425,-3.695912123
253,image00424.jpg,-6.785745144,-37.5460701,8.631827354
254,image00426.jpg,-5.724779129,-19.00092697,7.426298141
255,image00427.jpg,22.70471382,6.969167233,-12.52147579
257,image00429.jpg,-20.03165054,47.41741562,-25.55474091
258,image00430.jpg,34.4487114,4.687473297,7.245619297
259,image00431.jpg,-1.194144011,-14.79538441,6.6168255810000005
261,image00434.jpg,-11.29788208,8.88060379,-14.24709702
262,image00435.jpg,-15.89309692,-0.7582224607,-7.569010258
263,image00436.jpg,8.165911674,1.005818367,-0.8811464906
270,image00445.jpg,-12.90522671,-26.36743164,8.475372314
271,image00447.jpg,-5.517573357,-12.00710106,10.70840931
273,image00449.jpg,1.064468741,8.694023132,0.05124187097
278,image00459.jpg,-26.69677925,-4.71698761,18.01965714
280,image00466.jpg,-8.980929375,0.5613711476000001,0.4498207271
286,image00475.jpg,39.95894241,65.62121582,19.98956871
289,image00480.jpg,-2.7648787500000003,17.52053833,-16.14557838
290,image00481.jpg,6.103542805,-0.1727518141,-1.12656033
292,image00483.jpg,-0.8022324443000001,23.40955353,8.630233765
296,image00490.jpg,-9.369493484,5.880265713,-4.746375084
298,image00494.jpg,-3.88301897,0.9505932331,6.878994465
299,image00496.jpg,-13.34886265,11.17238426,0.3707723022
301,image00498.jpg,8.122561455,-7.535338402,-6.283134937
302,image00499.jpg,-11.15629387,-2.764692068,20.28530502
303,image00500.jpg,-22.01150703,3.2760457990000003,-0.8079410791
304,image00501.jpg,-3.208167791,-23.4729805,4.183368206
305,image00503.jpg,-10.98438835,1.280288577,1.879389048
306,image00504.jpg,-6.287710667,0.1543994099,-0.3991928697
307,image00506.jpg,-10.59791374,9.596385956,-8.445658684
308,image00507.jpg,17.92701912,41.41285706,14.26089668
310,image00512.jpg,9.020795822,-1.155990005,1.155696511
311,image00514.jpg,30.66127586,-5.273414135,6.330508232
312,image00515.jpg,-10.802145,13.37431431,-3.108076334
315,image00518.jpg,12.60971546,-1.102342129,-8.700300217
317,image00520.jpg,-26.64337349,-17.36183739,3.484822035
318,image00521.jpg,-19.18526649,25.210886,-11.04055214
320,image00527.jpg,-11.35270691,0.8554521799,-0.6614745259
321,image00528.jpg,-2.955236673,10.63464928,-5.765436649
326,image00535.jpg,-4.468323231,-1.958236217,-0.3610310853
327,image00538.jpg,0.740028739,-13.15361118,9.829378128
328,image00540.jpg,0.4737294614,5.3796477320000005,-8.735474586
329,image00543.jpg,-14.0079813,-23.99324608,-1.924754262
330,image00544.jpg,-13.37107944,-42.66931915,12.95139217
332,image00547.jpg,-20.70243645,34.05360031,-14.62210751
333,image00548.jpg,2.322391033,19.49482727,-4.5359907150000005
334,image00549.jpg,5.770633221,-10.19273281,0.0124567598099999
335,image00550.jpg,-8.073550224,-18.44039536,8.766892433
336,image00551.jpg,-12.29158783,-13.63132477,-12.20043373
337,image00553.jpg,-25.69404984,-10.72404385,1.963073611
338,image00554.jpg,17.4913044,5.742894173,-5.373075962
339,image00555.jpg,0.2925271392,2.294040442,-13.67873669
340,image00557.jpg,10.82556725,-26.45849419,-1.585853457
341,image00558.jpg,-19.15098381,18.94034576,-8.577602386
342,image00559.jpg,-9.503428459,7.38038063,-0.6505599618
343,image00560.jpg,-19.04003525,-1.734840155,-0.003747691633
344,image00561.jpg,19.85946465,3.529330254,-13.11409473
348,image00566.jpg,19.2678299,2.824150562,-0.2316126972
349,image00567.jpg,8.293570518,22.57335663,-2.294465542
350,image00571.jpg,21.57653236,12.04083633,-9.601182938
351,image00574.jpg,-0.3426492214,-0.3166489601,-2.448929071
354,image00580.jpg,-14.07599831,-1.663193822,0.649161458
355,image00584.jpg,-8.31095314,8.060819626,-15.09985352
358,image00587.jpg,5.575593472,14.77962589,-6.551543713
359,image00589.jpg,-8.695445061000001,0.3505708873,-5.100150108
360,image00591.jpg,-9.41771698,-21.45642471,1.561362386
361,image00592.jpg,0.2149610221,-2.499849081,1.453955293
362,image00593.jpg,1.525436997,-29.22812271,10.91388416
363,image00595.jpg,-17.06550789,-11.58820057,11.06300735
365,image00598.jpg,-11.21749496,6.95977211,-1.835616112
366,image00599.jpg,-17.02807426,-75.31560516,28.57788849
370,image00606.jpg,-13.1112957,25.82245445,-23.27980232
371,image00607.jpg,-9.20161438,4.558466911,-8.66799736
372,image00608.jpg,-4.063579559,22.13195038,1.703793526
373,image00609.jpg,-12.29243851,11.66200733,10.28594112
376,image00612.jpg,-19.52125359,3.717981815,-7.618215561
377,image00613.jpg,6.174854279,15.8913269,-15.63352871
381,image00622.jpg,-5.064255714,-37.90790939,-4.01659584
383,image00624.jpg,-22.02223015,7.689870358,-2.698282242
384,image00626.jpg,-37.40145111,54.58676529,-40.18448257
386,image00631.jpg,-5.01237011,-39.33378983,9.092123032
387,image00632.jpg,6.50363636,7.414077282,0.0226877890499999
390,image00642.jpg,5.60915041,-3.015389442,-3.457862616
391,image00643.jpg,-20.77138519,36.10922623,-14.49297523
392,image00645.jpg,6.028501034,11.26708698,-6.209374905
393,image00648.jpg,-10.86170673,-16.70677948,9.250998497
394,image00650.jpg,-4.262721062,9.586321831,0.9668899775
395,image00655.jpg,-0.4712761939,-28.2987957,-6.899348736
396,image00656.jpg,-10.29867077,-9.543590546,-6.943831444
397,image00658.jpg,-9.034425735,5.049125195,-2.347301483
399,image00663.jpg,1.235324502,-7.970723152,-4.115408897
400,image00665.jpg,-6.9879193310000005,-5.52793932,10.54043388
401,image00667.jpg,-16.06323433,16.94825554,-7.639819145
402,image00670.jpg,-5.783472538,6.091262341,-11.69081879
403,image00673.jpg,-4.390769005,37.61516953,-3.136002541
404,image00678.jpg,-12.27303886,9.096973419,-0.6840463281
405,image00679.jpg,16.06180763,16.75909042,6.919733047
407,image00681.jpg,-5.831797123,-15.2824831,-3.431248188
408,image00682.jpg,7.728125095,19.25361824,0.1690516472
409,image00683.jpg,-13.84336948,6.856739044,-5.05079174
410,image00684.jpg,-5.747460842,-42.77649307,3.861805677
411,image00685.jpg,-27.21818352,-7.142237663,2.809411526
412,image00688.jpg,-10.7458086,25.49955559,-4.528021336
413,image00689.jpg,-6.873980522,-1.995708227,-0.4230953157
414,image00690.jpg,-19.89270592,0.6400690675,-0.8422966003
415,image00691.jpg,-9.906417847,-12.64309025,-2.05273056
416,image00692.jpg,22.28404236,18.326437,3.78755188
417,image00693.jpg,-9.823794365,9.063063622,-1.443532586
418,image00694.jpg,-15.3969059,1.09706986,3.349214554
421,image00697.jpg,2.892626286,8.369322777,-0.574890852
422,image00699.jpg,-7.955358028,-25.22636032,10.71575165
423,image00700.jpg,-16.23790741,-14.70865059,-5.646272182
424,image00705.jpg,5.016616344,2.179337263,-5.276624203
425,image00710.jpg,-0.7811369896,15.51383209,4.09298563
426,image00712.jpg,-16.09280205,-10.93855858,9.711907387
427,image00713.jpg,25.00710869,5.839356422,2.417528391
428,image00714.jpg,-2.68905735,-4.528691769,-8.78966713
429,image00715.jpg,-23.10062408,0.9347022772,-0.5029506087
430,image00719.jpg,-20.63577843,-15.47595882,-15.975914
432,image00723.jpg,-11.6883564,3.237373114,-14.13068676
433,image00724.jpg,29.48801422,12.29404545,-8.218260765
435,image00726.jpg,-0.7812148929,6.589924812,18.00296211
436,image00727.jpg,-2.712289333,21.20516205,-23.5410862
438,image00729.jpg,2.509727955,6.5379438400000005,-4.557256699
439,image00730.jpg,-7.369557381,18.21782494,3.290982962
445,image00740.jpg,-26.60617256,-9.304048538,2.232289553
446,image00741.jpg,-4.2601060870000005,-13.27254868,-2.77153039
448,image00745.jpg,-5.045734406,-14.97560692,6.466286182
449,image00747.jpg,-14.53323364,14.04685783,-22.71788025
451,image00753.jpg,3.735831738,-14.56876469,0.8435253501000001
452,image00755.jpg,-12.4829073,-31.02761269,1.557133436
453,image00757.jpg,-0.2895278931,-6.685882568,-7.303677082
454,image00759.jpg,-5.210630894,-64.27620697,20.27639389
455,image00761.jpg,-0.6249108315,4.705466747,-3.497005224
456,image00764.jpg,-3.084262371,-2.511846781,-2.858710766
457,image00771.jpg,-11.79899216,-5.141741753,-0.0404716916399999
458,image00772.jpg,-13.51006031,-10.18912601,1.924040794
459,image00773.jpg,20.42832947,-5.121625423,-15.9778595
460,image00774.jpg,-8.117552757,1.800713062,-2.614327669
461,image00775.jpg,-18.83236122,3.954675198,-10.89081097
462,image00776.jpg,1.901334882,15.02715969,0.7764829397
463,image00777.jpg,-10.03767586,4.164943218,-4.481033802
464,image00778.jpg,10.59926128,3.300634623,5.406025887
467,image00782.jpg,-0.273222357,-1.297973514,-0.1050121859
468,image00783.jpg,-8.590875626,0.1870197058,-5.807333946
469,image00784.jpg,-14.00656796,48.05450058,-13.72550964
471,image00787.jpg,8.964172363,29.60684013,-24.39102936
472,image00788.jpg,-1.923135877,-2.45258832,-7.710661888
474,image00792.jpg,-30.50126266,19.62372971,-19.07975006
475,image00793.jpg,-18.11234283,4.311554909,-7.268332958
477,image00796.jpg,-19.33868217,-20.77978325,-6.933821201
478,image00797.jpg,-9.593839645,25.96145058,11.06206894
480,image00802.jpg,-18.95983696,14.64413929,-8.238872528
481,image00803.jpg,-40.24349976,39.90909576,-27.29480743
482,image00804.jpg,-2.378310919,-12.37653732,2.264045954
483,image00806.jpg,-9.735165596,-0.5726377964,-1.974973321
487,image00814.jpg,-33.42687988,3.559178114,-3.680688858
489,image00818.jpg,-14.14457035,-3.743849277,-0.6258584857
490,image00824.jpg,-18.24438095,1.01657033,1.161063075
491,image00825.jpg,15.20301914,-67.18006134,-11.15793324
492,image00826.jpg,-3.102421284,-62.06571198,43.71263123
493,image00829.jpg,-10.06767082,-2.845500231,3.283490896
494,image00830.jpg,-12.49971962,28.27783966,-11.52626133
496,image00832.jpg,-6.348649979,-0.6627123952,-4.267710209
498,image00837.jpg,7.858860016,-35.3755188,-5.238066196
499,image00838.jpg,-1.753627539,-22.92856407,0.2196676731
500,image00839.jpg,-9.265693665,4.915527344,1.558578134
501,image00840.jpg,-9.062220573,-24.06944656,11.88441849
502,image00841.jpg,-18.86188698,-13.5965786,10.57959747
503,image00842.jpg,-7.253083706,14.10851765,-1.907834649
504,image00843.jpg,-9.374364853,0.4398322403,0.759077549
505,image00844.jpg,1.911799192,20.22266769,-3.602210999
506,image00845.jpg,0.2373411804,13.13629627,-4.593858719
509,image00849.jpg,-1.142544031,4.398957729,0.6784149408
511,image00851.jpg,-11.44970512,-0.4329515696,-2.057845592
512,image00854.jpg,30.41659164,3.12033391,-5.082430363
513,image00855.jpg,-6.023523331,16.534337999999998,-8.897712708
514,image00856.jpg,-12.56594849,11.85649967,-11.58933735
515,image00860.jpg,-8.051459312,12.5236063,-16.85152817
518,image00863.jpg,1.514269352,-2.032113075,-1.653690696
522,image00877.jpg,-19.37891006,-3.223521948,0.5386870503
523,image00882.jpg,-18.15737534,-3.417336702,-5.376725674
524,image00886.jpg,2.403459549,15.33005524,-4.254980564
526,image00889.jpg,14.10686588,19.40228844,7.848072052
527,image00891.jpg,-6.137198925,7.917337418,-0.6662884951
528,image00892.jpg,-16.57781219,5.746054173,0.2128050327
529,image00893.jpg,-3.794294357,-7.753888607,10.43911076
530,image00894.jpg,1.413838267,5.977187634,-7.887189865
531,image00895.jpg,-19.05689049,0.684284389,2.5399601460000003
532,image00896.jpg,-0.5701434612,12.80240059,-1.784046054
533,image00898.jpg,13.91592312,-17.11165428,-0.0907561481
534,image00901.jpg,-13.57143784,8.054022789,-4.875053883
537,image00904.jpg,1.382578611,12.66547871,-2.207312346
538,image00905.jpg,18.72929573,-12.4121294,-2.764250755
539,image00907.jpg,13.71798515,64.39070892,1.808397293
541,image00909.jpg,-27.1718502,2.176460743,-4.131009102
542,image00911.jpg,-21.08728409,-8.945847511,4.423854828
544,image00918.jpg,-13.00446606,-0.5246450901,-1.353815794
545,image00922.jpg,4.29956913,21.10557747,1.89229238
546,image00923.jpg,-5.633591175,-7.57848835,11.02250099
547,image00925.jpg,-9.855995178,-6.720873356,0.8697789907
549,image00930.jpg,-26.81349564,1.219102979,-2.312660456
550,image00931.jpg,-9.745855331,25.15555191,-9.868292809
551,image00932.jpg,-13.47458172,1.904299736,-0.7668737769
552,image00933.jpg,-11.1746912,21.5495224,-14.49263287
553,image00934.jpg,-7.534944534,30.60119438,-3.852012157
555,image00937.jpg,-0.005000385456,13.82697582,-3.494548321
557,image00940.jpg,8.912550926,-11.31536579,-3.046500444
559,image00942.jpg,-8.784844398,33.43673325,9.249347687
560,image00943.jpg,-6.529173851,-22.45337486,-5.877970219
561,image00946.jpg,-14.870718,-54.67604065,11.75553894
562,image00947.jpg,-12.29863453,13.61111832,2.373502254
563,image00948.jpg,-10.72590542,-4.319256783,-0.5103465915000001
564,image00950.jpg,4.629940987,2.199406624,5.165537834
566,image00957.jpg,-2.062295675,-14.88099766,-9.146641731
567,image00960.jpg,-4.438934326,21.143507,-4.857874393
568,image00961.jpg,-9.403037071,25.14924431,1.265414238
569,image00962.jpg,1.212336421,-3.131503105,-1.260689259
571,image00965.jpg,-9.81785965,28.22728539,-12.73997498
572,image00966.jpg,-28.71602821,1.43198061,-3.110852242
573,image00967.jpg,-8.041887283,23.85528183,-8.872085571
574,image00968.jpg,-3.567823172,-7.246956825,8.527720451
575,image00971.jpg,12.78183651,-21.38625336,-5.388613224
576,image00972.jpg,4.319586277,3.798046589,-4.35904789
577,image00973.jpg,-21.66836929,-16.83819389,1.712478399
578,image00974.jpg,0.9596702456,23.31000137,1.941499829
579,image00976.jpg,-19.81622314,2.027703524,6.906094551
580,image00978.jpg,-9.626596451,26.56211472,1.356179714
581,image00979.jpg,-13.75270081,22.05640602,11.91697979
586,image00985.jpg,-7.815781593,13.43292141,-9.124393463
589,image00995.jpg,1.514870405,-9.273532867,-3.221688509
590,image00998.jpg,9.985110283,13.50350761,-4.776738167
591,image00999.jpg,-10.99002934,-5.600391865,-0.5850475430000001
592,image01000.jpg,-21.08461952,-0.3341107666,-3.107992887
593,image01001.jpg,2.005980968,-12.89081192,-13.0930748
594,image01002.jpg,6.158036232,0.8159632087,-1.882936716
595,image01003.jpg,-11.74003029,6.448617935,-2.661789656
596,image01008.jpg,1.826944947,4.984350204,1.356097937
597,image01009.jpg,-14.58023071,-2.357063293,3.800288677
598,image01010.jpg,4.715307236,-7.650386333,-15.19189167
600,image01014.jpg,11.06556702,-15.14320183,-4.472994328
601,image01016.jpg,3.609900951,-6.522227287,-17.10535622
602,image01017.jpg,-18.1968708,-66.95661926,21.91768265
603,image01021.jpg,-12.40452862,-12.52641678,-0.2420579046
606,image01028.jpg,-12.39119244,13.4035244,-12.20410156
607,image01031.jpg,-9.011614799,2.713706493,-1.866782069
608,image01032.jpg,-5.514407635,5.868788242,-1.812855244
609,image01033.jpg,-14.10956192,3.519106627,-6.73162365
610,image01034.jpg,-8.945941925,-6.484956741,-2.954298973
611,image01038.jpg,35.90164185,11.06455994,-6.223803997
612,image01039.jpg,-5.429502964,-0.8753126264000001,3.954443455
613,image01040.jpg,-1.490817666,-27.55231094,-5.848188877
614,image01042.jpg,-30.83328819,53.81930542,-31.3407917
615,image01045.jpg,-2.829570293,48.36024857,-10.13713741
616,image01048.jpg,-6.031905174,21.26653099,9.013394356
617,image01050.jpg,-10.46451664,12.73783875,-1.76021111
618,image01053.jpg,-4.855226517,-4.331036091,0.627856195
620,image01058.jpg,-0.2709012628,14.88886166,-1.618380189
621,image01059.jpg,-7.237737656,18.31899643,-3.560601711
622,image01060.jpg,-27.27189445,-0.8231939673,-1.877893686
623,image01061.jpg,-28.04330254,-4.665060043,-0.8339496851
624,image01062.jpg,-4.931984901,-30.8504715,8.929959297
625,image01063.jpg,-9.340438843,-3.3969345090000003,0.8571115732
626,image01065.jpg,19.96865273,12.06750393,-12.68565655
628,image01067.jpg,3.773946762,38.77829361,22.28573227
630,image01071.jpg,-31.77970886,9.404234886,15.45732403
631,image01072.jpg,1.146347284,-5.447536469,-2.435760975
632,image01077.jpg,-4.319567204,-1.078163505,-1.153824329
634,image01083.jpg,-13.74379158,3.25967288,-0.707187593
635,image01084.jpg,-10.38376999,-4.772181511,2.745022058
636,image01085.jpg,-19.04133224,-20.72642708,-5.141194344
637,image01086.jpg,-19.89990997,-1.590490103,-5.230362892
638,image01087.jpg,-10.99768639,-1.725566506,-5.331189156
639,image01088.jpg,-23.4607296,10.86267376,0.01198910829
640,image01089.jpg,-19.26217461,26.92268181,-13.82912064
643,image01093.jpg,-17.92548943,20.13575745,-20.64162827
644,image01095.jpg,-40.7424736,65.03935242,-51.84806442
646,image01100.jpg,-15.12313271,14.04209423,9.07903862
648,image01106.jpg,6.296278,15.24191475,-4.484531879
649,image01108.jpg,-1.947688699,17.89636803,0.4802851975
650,image01109.jpg,-3.001097918,26.13656807,-4.729450226
651,image01110.jpg,-11.99717045,-5.438934803,6.130137444
652,image01111.jpg,-24.55998802,-13.87816334,4.946323395
653,image01112.jpg,1.742342234,5.409431458,-7.651831627
654,image01113.jpg,26.32538223,-9.590418816,-6.743481159
655,image01117.jpg,-16.31791115,10.29227543,-15.98753834
656,image01118.jpg,-2.162289143,-0.02532717772,-2.339234829
657,image01119.jpg,-11.74294567,50.70774078,-1.560050249
658,image01120.jpg,-13.54866695,-5.003719807,2.4851310250000003
659,image01124.jpg,-10.14270878,18.11198997,-15.70077515
661,image01128.jpg,-0.7171096206,-1.526115298,1.180058837
663,image01131.jpg,-8.421782494,31.48529053,1.027366281
664,image01132.jpg,-22.74418068,2.319268942,-16.13252449
665,image01133.jpg,0.06712619215,-3.492548943,21.42947578
666,image01138.jpg,-13.09571743,16.6387825,11.17451572
667,image01139.jpg,14.45156097,-3.661610603,-3.648983717
668,image01141.jpg,-18.92105865,-7.889822483,-2.25693512
669,image01146.jpg,-5.909430504,-2.281872511,-2.737983704
672,image01150.jpg,-7.147823811,-8.377785683,0.2266184241
673,image01152.jpg,15.71632862,4.457501888,1.834843159
674,image01155.jpg,-4.350514412,-36.47437668,-1.804499149
677,image01163.jpg,-15.34441757,-2.956121445,3.984311104
678,image01164.jpg,0.1858382374,2.88704133,0.8900927901000001
679,image01165.jpg,-6.285132408,-31.0958271,9.41919136
680,image01168.jpg,1.103863358,11.03137684,-1.845299721
683,image01174.jpg,-5.350467205,6.255447388,13.99512577
685,image01177.jpg,-6.875529289,-17.28443909,-8.911013603
686,image01178.jpg,-12.60616589,2.117919683,-0.9122212529
687,image01181.jpg,-1.971370816,14.48530006,-3.175955296
689,image01184.jpg,-10.02236462,9.315120697,3.675125122
690,image01189.jpg,24.36371422,3.066717625,0.2121225297
691,image01190.jpg,-0.997326076,5.346649647,0.3103203177
692,image01191.jpg,-16.1374588,5.825688839,-5.294587612
693,image01196.jpg,1.870610595,13.12281513,12.33462143
694,image01198.jpg,-15.10711193,2.609832287,-4.518361568
695,image01200.jpg,0.7324448228,24.51784897,-6.90938282
697,image01202.jpg,-18.25135422,-3.565218687,-19.41300583
698,image01205.jpg,-5.360773087,29.69475555,4.078279972
700,image01210.jpg,-25.08493996,-2.488606691,-2.986810684
701,image01212.jpg,-26.55678749,3.281214952,-2.862720728
702,image01215.jpg,-9.788383484,-8.125034332,-1.198399186
703,image01217.jpg,-9.327598572,4.146668434,2.631664276
704,image01218.jpg,-3.160283089,6.880297661,3.967517853
705,image01220.jpg,7.899386883,47.51124573,-0.7915808558
706,image01224.jpg,-12.88503075,0.1691028923,-3.660909653
707,image01226.jpg,-17.18047714,5.17518568,-9.20324707
708,image01230.jpg,-11.27962112,8.67138958,-3.529215813
709,image01232.jpg,0.3911985457,-32.30985641,3.131379843
710,image01233.jpg,0.1181356981,3.124336958,-1.080751061
712,image01240.jpg,-2.029743671,-3.380294085,-6.010587692
713,image01243.jpg,-4.053436756,2.481375694,-11.74560833
715,image01247.jpg,11.9554224,18.34856224,-1.633005142
716,image01249.jpg,1.344150662,7.600219727,-8.767894745
717,image01251.jpg,-9.005022049,3.190361023,-3.069739342
718,image01253.jpg,-13.64263535,-19.91907883,8.506392479
719,image01258.jpg,-11.21763229,-2.725810766,-2.751079798
720,image01260.jpg,-0.2269944847,6.510877609,-2.015619278
722,image01264.jpg,-9.448805809,37.50395203,6.70680809
723,image01266.jpg,9.94311142,-8.456209183,4.236539364
724,image01268.jpg,-5.727434635,0.1631268561,-1.202558279
725,image01272.jpg,12.02536583,11.42363262,-0.1052941754
726,image01276.jpg,3.909876585,12.60395241,-10.30199814
727,image01280.jpg,-9.654371262,-9.281193733,4.8006210330000005
728,image01282.jpg,-7.218818665,4.605914593,-18.59391975
730,image01286.jpg,2.061599016,-6.254786015,0.6863363385
731,image01288.jpg,-1.632876039,-7.081345081,-6.954138756
732,image01290.jpg,-20.6833992,0.2881692946,3.195565939
733,image01292.jpg,-8.794148445,-3.478744268,-1.92041862
735,image01296.jpg,-7.30261898,6.590158939,-4.301007271
737,image01299.jpg,-7.87650013,-32.2165184,-0.7655947804000001
739,image01302.jpg,4.16021347,7.534841061,1.02415812
740,image01306.jpg,-9.235046387,-7.063178539,0.8854328394000001
741,image01308.jpg,-2.899997234,30.63517761,-4.9738192560000005
744,image01312.jpg,5.594700336,10.22389507,0.951040566
745,image01314.jpg,4.332374573,4.304779053,1.942483306
746,image01315.jpg,8.550240517,-19.17389488,17.56744003
747,image01317.jpg,-9.356348038,-3.406743526,-2.342836857
749,image01322.jpg,-13.58706379,-5.381824017,-1.682840705
751,image01324.jpg,7.388160229,-10.11784172,0.7529585361000001
752,image01328.jpg,0.9593738317,4.657113075,1.141255736
753,image01329.jpg,10.75018978,6.147041321,0.5005457997
754,image01331.jpg,-0.4435708821,5.821721077,-4.9659523960000005
755,image01333.jpg,-6.841818333,3.038409233,-1.117651224
756,image01334.jpg,-14.08690548,-2.64129281,3.021844149
757,image01338.jpg,0.3750837445,7.597797871,-1.783145308
758,image01340.jpg,-20.5070591,-20.94896317,2.800765514
759,image01342.jpg,-11.14336205,3.34642148,-0.3471296132
760,image01346.jpg,5.423496723,9.397024155,-1.273343086
761,image01350.jpg,-2.885939598,9.345421791,-2.333889246
762,image01352.jpg,-13.467309,-16.65826225,-0.3650375903
763,image01360.jpg,-3.552421093,1.942667723,-3.82677722
764,image01362.jpg,0.7896556854,-17.85800171,-3.913456678
765,image01366.jpg,3.342764616,12.76744461,-1.052654028
766,image01368.jpg,-1.667928815,-21.79710007,-0.6684430838000001
768,image01375.jpg,-13.96140957,-21.04641533,2.951336622
769,image01376.jpg,-29.08282852,-75.71811676,34.04149246
770,image01377.jpg,36.42115784,61.66661453,23.2009449
771,image01380.jpg,0.04518089071,4.455316544,-5.570127964
772,image01387.jpg,2.256586313,20.85653114,-1.458866954
773,image01391.jpg,-8.576223373,10.36552429,-0.4389296472
774,image01395.jpg,-10.33557701,26.75619888,-11.64530754
775,image01396.jpg,2.105345964,12.50180626,11.99529457
776,image01397.jpg,1.148564816,-4.877542019,3.396295786
777,image01400.jpg,-9.61256218,3.764056444,-0.7392863035
778,image01401.jpg,-3.584133625,8.78698349,5.601753712
779,image01402.jpg,-24.29790497,-12.38657093,12.19383812
780,image01404.jpg,-4.11265707,-5.139440536,-9.486708641
781,image01406.jpg,-15.27702236,42.30717087,-21.12254333
782,image01407.jpg,0.2558110058,1.111729622,2.081668615
783,image01410.jpg,-6.761075497,7.191764832,0.6875827909000001
784,image01414.jpg,10.31852913,-4.434437275,1.554137468
785,image01416.jpg,-7.873583317,22.35996628,-18.14180183
786,image01417.jpg,7.047235966,9.510834694,-5.611232281
787,image01419.jpg,-19.66322899,73.43157196,-33.4874382
788,image01421.jpg,20.26533127,2.601691008,-17.24496269
789,image01427.jpg,9.673028946,6.52946043,3.006156206
790,image01431.jpg,7.557722569,-4.349625587,-26.33529091
791,image01433.jpg,3.193427086,7.300580978,-5.908335686
793,image01438.jpg,-24.13319206,18.87841606,-2.091966629
794,image01442.jpg,-18.13715363,16.92300606,-2.687076569
797,image01459.jpg,1.465367556,18.34125137,-4.456918716
798,image01460.jpg,17.73161125,-5.777525425,-3.911523104
800,image01466.jpg,-8.508798599,-24.42732048,7.947039127
801,image01467.jpg,-7.746231079,-10.88986206,-4.19826889
803,image01469.jpg,-22.37777138,-14.00943279,7.03767395
804,image01470.jpg,-24.66165543,-11.5660944,6.126972198
805,image01471.jpg,-18.06601334,-19.35776711,10.63440704
806,image01472.jpg,-14.86159992,-18.47959709,-7.922185421
807,image01474.jpg,-4.95106554,-31.82563782,-0.2842716277
808,image01475.jpg,-6.952577591,-21.52887726,-5.8873605730000005
809,image01476.jpg,-9.66106987,-19.94447899,-6.159818172
810,image01477.jpg,-15.22292519,-30.06165314,5.428909302
811,image01479.jpg,-12.08397198,-7.716907024,-2.692848206
812,image01480.jpg,-14.61742783,-12.33424854,-3.609351635
813,image01483.jpg,0.7165638208,21.51564026,0.1706966013
815,image01488.jpg,-28.54308891,-65.69766235,40.65698624
817,image01503.jpg,-12.57686615,-14.02525997,-12.10853672
819,image01505.jpg,-25.35705757,-69.40047455,29.74420738
821,image01507.jpg,8.314506531,18.25053978,2.965735197
824,image01514.jpg,-11.01864338,3.391766071,-2.241422653
825,image01530.jpg,-327.9718018,-104.5846176,333.9996948
826,image01540.jpg,5.246192455,35.47958755,5.785326958
828,image01556.jpg,-14.76399136,-50.48900604,26.77045059
830,image01565.jpg,-0.8343975544000001,-13.10079861,14.06558132
832,image01571.jpg,-9.114935875,-45.52961731,16.68781662
833,image01572.jpg,-35.59564209,66.90569305,-38.60621643
835,image01574.jpg,-5.101991177,-0.8009839654,-2.936132193
836,image01575.jpg,-4.980588436,-54.67010498,13.75226498
837,image01576.jpg,-13.06172943,3.65499258,-0.3511703908
838,image01578.jpg,-12.77759647,30.66137886,-2.12635541
842,image01598.jpg,-17.47296143,-46.96781158,2.129763126
846,image01605.jpg,-17.55066872,0.3830556273,0.8235889673000001
850,image01622.jpg,8.505911827,-1.192270756,3.549846649
853,image01629.jpg,-11.83314991,-0.3007139266,-6.236912251
854,image01630.jpg,23.45326233,31.0535183,13.05221939
859,image01641.jpg,3.613966227,40.64414215,-12.64395523
861,image01643.jpg,-19.10300636,19.01668358,-6.412147522
862,image01644.jpg,15.15217686,-0.0546617917699999,0.2240397483
863,image01645.jpg,4.838378906,17.99719238,6.198993683
864,image01646.jpg,8.630437851,15.96334553,0.7967461348
865,image01647.jpg,-6.157715321,-8.114588737,-0.931178689
868,image01653.jpg,-27.47874832,-43.64393997,24.41862679
872,image01662.jpg,-18.71281052,80.82423401,-20.81936646
875,image01675.jpg,-17.206007,19.47794533,-9.733688354
877,image01677.jpg,-18.78746414,-45.1680603,13.44730568
879,image01686.jpg,-31.3921032,62.74882126,-20.65510178
881,image01690.jpg,-15.01502991,-42.15549469,22.71669006
882,image01691.jpg,-24.91799736,57.38591003,-16.80453682
883,image01693.jpg,-3.916722775,-10.93819046,-3.786462545
892,image01732.jpg,-3.483071089,-8.980134964,7.963735104
893,image01733.jpg,-2.186906576,-58.00415039,1.26085794
895,image01738.jpg,-0.2009618133,45.17724991,1.647016883
896,image01739.jpg,-20.7809639,-46.59252167,4.900224686
897,image01744.jpg,-8.717223167,12.94122887,-15.97602749
898,image01745.jpg,-25.33778381,-2.357825041,-0.0133490013
902,image01762.jpg,-22.77009964,-6.597229958,-21.5688076
908,image01770.jpg,3.109907389,11.62802601,5.013221264
910,image01775.jpg,-11.30997849,-0.2590155005,-0.140123412
924,image01798.jpg,-9.935420036,11.66114235,6.471769333
925,image01802.jpg,-5.693315029,-7.254812241,-2.026220798
926,image01807.jpg,-8.915561676,5.026203156,-9.151993752
927,image01808.jpg,-12.61399746,9.245349884,-3.208244085
928,image01809.jpg,-11.19067955,1.245462894,-3.090937853
930,image01811.jpg,7.171812057,1.106604099,-6.221679211
932,image01814.jpg,-9.668165207,-1.310717344,3.203419447
938,image01826.jpg,5.099693775,-6.924071789,6.6504387860000005
939,image01828.jpg,6.508654118,1.971533179,-13.05406666
941,image01830.jpg,-7.403202057,0.1625453234,0.5836433768
942,image01831.jpg,-9.88602829,1.47145009,0.2528345883
943,image01834.jpg,-12.67962265,28.26678276,-16.59079552
948,image01846.jpg,-18.32161331,62.95309448,-11.32508659
949,image01847.jpg,42.84763718,-76.31735229,-38.45743942
950,image01850.jpg,-20.0321331,-57.72502899,17.42948723
954,image01854.jpg,-19.92229652,60.40451431,-21.68507385
956,image01860.jpg,-3.905293941,11.31927204,-8.184792519
966,image01887.jpg,-25.90956306,4.335633278,1.7831212280000002
967,image01892.jpg,-14.0643816,-27.34834862,-0.7279937863
969,image01896.jpg,-4.317281723,-14.01840782,-1.05540657
971,image01901.jpg,18.49939346,10.01128578,10.11604118
972,image01902.jpg,28.50897217,-9.494752884,2.532921553
974,image01918.jpg,-19.69371033,40.58931351,-18.73303986
975,image01919.jpg,-3.974740505,32.33794403,-2.721232414
976,image01920.jpg,-16.6922226,-14.37946033,17.99956131
979,image01925.jpg,-17.88053131,-4.584345341,1.130352974
981,image01928.jpg,-13.00638771,-16.40209198,-18.45874786
982,image01932.jpg,-19.85764313,-3.369899988,-4.20167017
983,image01933.jpg,-15.2082901,20.95069313,-1.47245276
987,image01940.jpg,-24.15315437,6.5234828,-6.658704758
992,image01947.jpg,-7.809565544,-34.86879349,3.879942417
995,image01952.jpg,-3.90294981,27.66600609,-3.990055561
996,image01953.jpg,-14.59284782,-4.279847145,0.5136008859
997,image01956.jpg,-14.0415926,-1.395505548,-1.199899077
998,image01958.jpg,-11.73756123,-5.455207348,0.04417250305
1000,image01973.jpg,-32.38591766,3.923326731,-3.604775906
1001,image01974.jpg,-11.79682446,-1.328576803,0.9256846905
1002,image01975.jpg,-24.09146118,-6.027834415,-2.358249426
1003,image01980.jpg,-9.652726173,-5.454454899,-3.692405462
1005,image01982.jpg,9.624793053,30.67354202,-1.168890834
1006,image01983.jpg,9.14307785,13.28034878,-16.81824303
1007,image01984.jpg,-7.46214056,-31.31202698,12.44372272
1008,image01985.jpg,42.5436821,-83.30908203,-38.37833023
1009,image01986.jpg,-9.568842888,-24.29576683,12.0809679
1010,image01989.jpg,1.454949021,-19.61800194,7.371483326
1011,image01991.jpg,-9.475208282,17.6734066,-5.215452194
1012,image01996.jpg,-6.368878841,4.257645607,0.5376742482
1015,image02011.jpg,-6.964938641,-16.34629822,6.319086552
1016,image02012.jpg,-7.751222134,-17.33382988,6.8915205
1017,image02013.jpg,0.7098750472,-29.3704586,1.712185502
1022,image02023.jpg,14.88074303,3.466418505,-0.4845329225
1023,image02024.jpg,16.42354393,21.64860535,-10.31606007
1025,image02027.jpg,33.23691177,5.255802631,-3.331151247
1026,image02028.jpg,9.322617531,3.487886429,-8.865450859
1027,image02029.jpg,22.98336601,20.55836105,-14.84559536
1028,image02030.jpg,15.65309525,20.80302429,-14.26939487
1029,image02031.jpg,-12.0424099,-3.630450487,1.91381216
1031,image02034.jpg,-1.645819068,-8.874726295,-5.356630325
1032,image02035.jpg,-0.3731603622,1.064975619,-18.3374939
1033,image02036.jpg,-3.535928726,35.65484619,-2.013402939
1034,image02037.jpg,-18.55050278,4.449728489,7.464680195
1036,image02039.jpg,-10.37361622,1.636788249,0.08440993726
1037,image02043.jpg,-7.358819008,11.10572147,2.15735364
1040,image02046.jpg,-12.36329556,-54.3040123,12.76654243
1042,image02050.jpg,27.88368988,-67.85892487,-26.5429821
1043,image02051.jpg,-19.02992058,16.52136993,-12.66621685
1044,image02054.jpg,-20.5432148,20.8323555,-23.10225677
1047,image02059.jpg,-15.97140026,12.73767948,-6.935781956
1050,image02064.jpg,-7.69401741,48.40342331,-15.22202587
1051,image02068.jpg,4.704262257,23.69955635,18.75566483
1052,image02069.jpg,-14.43917656,1.548238635,-1.807562232
1054,image02072.jpg,-12.09541893,-0.1163062081,-10.91250134
1055,image02073.jpg,-5.509821415,1.491122842,-6.701010704
1060,image02083.jpg,-12.9122839,-21.61989021,4.205478191
1065,image02100.jpg,-18.94125366,-28.41103363,10.53880215
1067,image02108.jpg,88.26097107,73.07173157,83.66462708
1069,image02114.jpg,-2.12746501,-54.25889587,2.705447435
1070,image02116.jpg,-20.07246399,-49.57226181,17.2107029
1071,image02117.jpg,-9.786560059,-13.45785713,4.339067936
1076,image02128.jpg,-8.690182686,-15.25025177,-12.60500526
1080,image02138.jpg,1.240916371,26.1312542,3.395826578
1083,image02145.jpg,-3.746361256,22.70509911,-2.294711113
1085,image02152.jpg,0.9231469035,0.5832398534000001,-1.801330328
1089,image02165.jpg,-5.534436703,20.67294121,0.4007860124
1091,image02171.jpg,-0.9995288849,13.9171524,5.262742043
1092,image02176.jpg,-24.94820786,-0.2210236937,0.1828781664
1095,image02183.jpg,-7.978347778,-2.991178513,-2.666815519
1098,image02194.jpg,17.06898308,10.02103329,-13.16988564
1099,image02195.jpg,-10.25043678,-13.36968422,-9.839652061
1100,image02196.jpg,-8.513840675,14.27851582,-9.365383148
1102,image02199.jpg,-19.70176125,-2.335504293,-10.47118187
1103,image02202.jpg,-2.7053232190000003,-1.446145296,1.580601692
1105,image02208.jpg,-0.734355092,9.568095207,-11.15466499
1106,image02209.jpg,-9.853750229,-27.93141174,20.32193375
1107,image02210.jpg,-12.76644325,-3.476801872,9.018120766
1108,image02211.jpg,9.837420464,-23.89866257,2.222632408
1113,image02216.jpg,-22.81037903,-4.283053875,-1.962892294
1115,image02218.jpg,3.589872837,-4.50807333,7.316619873
1116,image02219.jpg,-0.8857846856,-19.48833275,12.36950493
1117,image02234.jpg,2.810805798,-3.622359037,8.763925552
1118,image02236.jpg,-28.32939529,-56.33045959,16.91130638
1120,image02242.jpg,-15.01820183,-27.60722923,3.226721287
1123,image02245.jpg,-6.417076111,12.90547562,5.522714138
1124,image02246.jpg,-14.94152832,26.99452591,0.8189147711
1125,image02247.jpg,12.97038746,-36.06637192,6.378851414
1128,image02252.jpg,-30.29991913,59.74413681,-31.31231689
1130,image02256.jpg,-23.98810005,-0.330037117,0.8505757451
1131,image02257.jpg,2.296326399,-10.39061642,-0.3517897427
1134,image02267.jpg,-10.31702042,-4.491030216,-4.82215786
1136,image02271.jpg,-8.981438637,-3.868886948,-0.6944807172
1137,image02272.jpg,24.89439964,-55.7755661,-11.93742371
1138,image02273.jpg,-18.55320358,29.71628189,-17.27250862
1139,image02274.jpg,-12.58854485,49.11170578,-8.610527039
1143,image02283.jpg,2.528731823,-14.13718033,2.067569256
1144,image02284.jpg,-8.198702812,3.000980616,-3.114319086
1147,image02289.jpg,24.19684601,-71.00151062,-16.62111664
1149,image02291.jpg,11.92536259,-43.52130508,-9.335773468
1154,image02307.jpg,-18.06342125,11.48515892,-3.932605267
1155,image02308.jpg,-13.939147,-9.488526344,3.864854336
1157,image02312.jpg,-3.429980516,2.273321867,-0.3808520436
1158,image02313.jpg,-1.578085303,-7.753010273,8.333249092
1161,image02322.jpg,-22.81340408,3.294715881,-4.793079376
1162,image02327.jpg,18.44154739,50.1858902,13.48906708
1164,image02332.jpg,-10.19678593,21.93745995,-22.8475399
1166,image02339.jpg,-8.536470413,5.193114758,-2.898454428
1167,image02340.jpg,-6.7146101,-10.63231087,-7.388266563
1168,image02344.jpg,-9.600698471,-2.253081083,2.668077469
1169,image02345.jpg,-11.39911175,4.889426708,-1.19602263
1170,image02346.jpg,-8.310048103,16.40757561,15.55488682
1171,image02347.jpg,-21.17103577,-9.405371666,8.642969131000001
1172,image02351.jpg,-9.541941643,32.91507339,-3.147128344
1173,image02355.jpg,-9.328409195,8.520360947,10.38233757
1174,image02359.jpg,0.8167133927,65.79333496,0.9918212295
1175,image02362.jpg,-1.570884109,14.3363266,-4.165540218
1179,image02370.jpg,-12.30844498,7.245342731,-6.741772652
1181,image02375.jpg,-8.513538361,-3.157244205,10.7345829
1184,image02379.jpg,-13.54112053,-2.832714081,2.499414444
1186,image02384.jpg,2.076226234,14.2790432,-2.852680683
1188,image02389.jpg,31.90950203,-57.36098099,-2.140277624
1189,image02403.jpg,-14.31459427,5.533623219,7.438870907
1190,image02406.jpg,-1.432628274,29.04488754,0.8914404511
1192,image02408.jpg,-4.085559845,11.71948528,-8.985650063
1193,image02409.jpg,10.69521999,10.04226112,6.902432442
1194,image02415.jpg,-4.677761078,-0.4746024907,-3.715435505
1197,image02421.jpg,6.645204544,3.65211606,4.429059029
1198,image02422.jpg,-6.063819408,29.54834557,-17.20826912
1199,image02423.jpg,-20.75484467,2.134701729,-0.7057380080000001
1201,image02426.jpg,-13.17492008,17.01771355,-13.50938606
1202,image02428.jpg,-9.98657608,-2.816676855,2.779928207
1204,image02434.jpg,-14.70448685,25.66603851,-11.62557697
1210,image02455.jpg,-2.817207098,-4.818624973,13.81391144
1213,image02464.jpg,-13.6681242,-0.260759294,-20.29100037
1214,image02470.jpg,43.44277954,68.283638,43.03411102
1216,image02475.jpg,30.91186523,67.39972687,25.16566849
1217,image02479.jpg,-23.0022049,6.507965565,-12.69652843
1218,image02482.jpg,-8.052166939,-22.71642876,-5.406424999
1220,image02488.jpg,-15.5006218,-1.996809006,7.274960995
1221,image02490.jpg,-0.9098956585,-10.20543098,-6.37280798
1224,image02514.jpg,-14.38714409,-58.70211792,13.18304634
1225,image02517.jpg,-14.74110508,33.12561417,-8.912539482
1226,image02518.jpg,-8.588262558,1.504593372,11.63465023
1227,image02520.jpg,9.32490921,-11.05270481,-0.5960172415
1230,image02530.jpg,-2.544456959,-13.23266125,0.7016180754
1233,image02533.jpg,22.60931015,50.51012802,11.53639603
1238,image02545.jpg,-30.96835518,10.968894,-8.814842224
1239,image02547.jpg,-8.215497017,-33.32363129,-11.07415867
1240,image02548.jpg,-5.693446636,5.532764912,-10.16158485
1241,image02550.jpg,-5.435893059,19.39960289,-14.61318398
1243,image02556.jpg,-22.42115211,19.61970711,-27.69083023
1244,image02559.jpg,5.311005592,-30.21291733,9.392389297
1245,image02562.jpg,-11.13156223,2.523200035,11.40988731
1246,image02565.jpg,0.6171457171,4.577022076,-3.5446004870000003
1249,image02581.jpg,-15.36732292,1.557642221,8.965039253
1250,image02592.jpg,-19.10918427,-17.29550171,3.245169401
1251,image02595.jpg,-12.88432312,-28.76434898,15.9321146
1252,image02597.jpg,1.608708858,30.32341385,8.860015869
1254,image02602.jpg,-29.39889908,-51.06628418,23.19060898
1257,image02605.jpg,-4.082128525,19.17724037,-12.4720211
1259,image02608.jpg,3.253954649,68.44146729,4.494876862
1261,image02614.jpg,10.7896986,-2.27009201,-8.527955055
1263,image02616.jpg,-13.46555996,37.96827316,-13.10661316
1265,image02618.jpg,18.10552788,-58.05350876,-9.034898758
1267,image02622.jpg,-17.61506271,-17.92426682,-2.700881958
1270,image02630.jpg,-9.789500237,-18.52266121,6.719157696
1273,image02633.jpg,6.48893404,56.15803528,1.495958924
1274,image02635.jpg,-25.68071556,-29.61622047,6.902001381
1275,image02636.jpg,-21.80913925,-3.4002707,1.839778662
1277,image02639.jpg,-2.600893259,29.40239716,-1.155793786
1278,image02643.jpg,11.56792641,4.421304226,-6.772063255
1280,image02646.jpg,-3.616432428,-39.83578873,9.649835587
1281,image02647.jpg,-16.6601963,55.40454865,-14.55300903
1283,image02650.jpg,18.03256989,71.43523407,13.12055302
1287,image02663.jpg,-11.52770233,9.131467819,-9.232162476
1288,image02664.jpg,-5.059036732,2.197116852,-13.54706478
1290,image02673.jpg,0.8875586987,-0.05127486587,-2.754127264
1294,image02683.jpg,20.87004662,43.77154922,15.205266
1296,image02688.jpg,-5.5826730730000005,1.599099994,2.374213934
1298,image02690.jpg,9.84069252,36.49530792,-7.029857159
1299,image02691.jpg,4.9428434370000005,26.74743652,3.920585155
1300,image02695.jpg,-15.37926388,-13.61262321,1.358388305
1301,image02696.jpg,-16.24406052,11.16585922,-6.564994335
1303,image02704.jpg,3.631568193,13.75630379,9.641857147
1304,image02705.jpg,-18.25646973,24.64219856,-8.459284782
1312,image02726.jpg,-2.797814608,-30.97677994,2.075175762
1315,image02732.jpg,-8.907365799,-6.366649628,-12.90356445
1316,image02735.jpg,2.246105194,52.39784622,5.795138836
1318,image02739.jpg,4.939815521,18.57704735,-10.71142197
1319,image02740.jpg,-9.51534462,-16.96305656,38.74358368
1320,image02744.jpg,-18.93767929,-8.784931183,9.917917252
1323,image02747.jpg,8.305253983,4.915884972,-5.153720856
1325,image02749.jpg,-6.370851994,0.7607373595,-1.496857405
1326,image02750.jpg,-13.77542782,41.15221786,8.947465897
1329,image02758.jpg,21.41900253,67.16217041,23.83409882
1330,image02759.jpg,-16.27075768,0.9443395734,-6.069099903
1334,image02765.jpg,-15.39225674,7.952786446,19.28512764
1341,image02782.jpg,1.867922306,37.65794754,-0.1129870638
1342,image02788.jpg,-31.34149742,39.31651306,-9.549063683
1343,image02789.jpg,-8.186052322,-4.166532993,0.024717452
1344,image02790.jpg,-6.778893948,-2.155431032,0.5127654672
1345,image02792.jpg,-8.832858086,1.941299081,-2.721655846
1346,image02795.jpg,-7.71538353,-21.67892647,-31.79316139
1347,image02796.jpg,-18.26305962,-10.50337029,16.83337402
1349,image02798.jpg,-0.9234321713,-8.041063309,0.7318484187000001
1354,image02811.jpg,-5.848891258,-41.43264008,-12.48539734
1356,image02817.jpg,-2.027057886,-39.47482681,2.5614342690000003
1357,image02818.jpg,-26.43319321,13.22080517,-19.23050499
1358,image02819.jpg,-19.14216614,2.011697292,-11.92080975
1359,image02820.jpg,-9.776988029,-8.102679253,-13.21563816
1360,image02824.jpg,-2.481848478,1.913555861,-7.540375233
1362,image02826.jpg,-7.57713604,7.672485828,-0.01981097274
1363,image02829.jpg,-82.23027039,-61.47842407,67.41893768
1364,image02831.jpg,15.07534218,8.762590408,-1.533286214
1366,image02834.jpg,-23.45749283,-6.61825943,-2.330174685
1367,image02836.jpg,-19.83054733,1.193660736,-2.426382303
1368,image02839.jpg,-8.137448311,-3.475383997,-2.191732645
1370,image02841.jpg,-3.463329792,24.0424118,-9.938450813
1373,image02846.jpg,-14.86229897,-8.550271988,10.93976021
1374,image02847.jpg,13.15487957,48.73450851,15.96201515
1375,image02849.jpg,-10.58300495,-3.661484957,-0.5490530729
1376,image02850.jpg,-2.490667582,3.09476018,-11.58276844
1379,image02856.jpg,-2.071107864,19.28723145,8.284304619
1381,image02864.jpg,-7.236566067,-5.792413235,-0.5013886094000001
1383,image02867.jpg,4.583630562,-18.61800957,0.5597459674
1386,image02871.jpg,-9.83039856,-5.311410904,-8.000629425
1388,image02884.jpg,-2.696026325,-25.33932686,-6.905694485
1389,image02886.jpg,-3.949737549,-0.0963928178,8.76646328
1392,image02899.jpg,-10.12093639,-4.061071873,-7.860002518
1396,image02924.jpg,-15.12135601,-1.794816017,-1.902602196
1397,image02929.jpg,2.335367918,-1.662611008,1.986132503
1398,image02931.jpg,-16.96146393,-25.87792015,9.900025368
1403,image02950.jpg,4.429097176,12.90469074,5.310352325
1404,image02951.jpg,-8.275551796,-1.419609308,-1.857285976
1405,image02952.jpg,-9.401818275,-2.227068424,-1.35443151
1406,image02953.jpg,-16.28620338,-0.7562100887000001,-5.786820889
1407,image02954.jpg,3.539975405,12.97332287,5.343322754
1412,image02969.jpg,-8.680529594,14.84868526,-12.08482075
1413,image02971.jpg,-19.68017769,-3.435097933,-0.674656868
1417,image02982.jpg,-4.124016762,-4.375065804,-0.158411473
1418,image02985.jpg,-4.763992786,-3.151626587,12.81004238
1420,image02989.jpg,-9.59957695,-0.05981928483,7.67878294
1421,image02990.jpg,-2.769587278,-25.1583786,14.30778599
1423,image02995.jpg,-6.765362263,-33.73015213,23.91533279
1425,image02998.jpg,0.9217752218,3.052573919,-5.688899994
1426,image03002.jpg,6.193339825,24.13645363,30.23770523
1427,image03004.jpg,3.380145311,9.007764816,1.468038082
1429,image03008.jpg,-3.362534046,-25.94728088,0.6426945329
1430,image03009.jpg,-6.95239687,-4.083574772,7.323792458
1432,image03011.jpg,-5.48686409,-1.353535652,10.59427834
1434,image03013.jpg,-6.210813046,5.02187252,-8.027428627
1438,image03018.jpg,-13.10034752,-8.177302361,5.670372009
1440,image03021.jpg,-2.887178898,-12.56125069,-19.661026
1442,image03024.jpg,-10.55157757,-33.67142105,8.897572517
1445,image03037.jpg,-19.16884232,19.3873558,-21.5613575
1446,image03040.jpg,-25.38970566,-48.60318375,27.7281208
1447,image03043.jpg,-13.55655861,-11.49039268,17.39424706
1449,image03045.jpg,-21.14645576,-2.359089375,0.7959545851000001
1450,image03047.jpg,-10.09399986,4.322284698,-4.846446037
1451,image03048.jpg,8.001177788,5.152177334,12.34054565
1454,image03054.jpg,-3.48781085,-29.4737854,6.305797577
1457,image03059.jpg,-10.00575638,-4.24595499,3.651952744
1458,image03061.jpg,-0.5704482794,28.14448166,-15.26518154
1459,image03071.jpg,-0.6744339466,5.298100471,-1.42727387
1460,image03075.jpg,61.87391281,-58.75250244,-85.58660889
1461,image03077.jpg,-5.708634377,7.107973099,3.920492649
1462,image03079.jpg,3.422219515,-6.131291866,-0.2571081519
1463,image03081.jpg,-25.00859261,1.410382867,-2.463529587
1466,image03093.jpg,54.6423645,69.66205597,46.45003128
1469,image03103.jpg,2.090961933,1.145977974,-13.88995171
1471,image03111.jpg,-1.099198341,-4.075239658,-34.69298172
1473,image03117.jpg,-15.35546398,8.779964447,-13.82349205
1475,image03124.jpg,-7.872740269,-4.047664642,-3.041865349
1477,image03129.jpg,-7.407664299,12.0312891,-15.27179527
1489,image03178.jpg,-8.68789959,34.98642349,-2.580905676
1490,image03179.jpg,-3.927425861,-48.93178177,12.50957012
1491,image03186.jpg,8.72672081,-18.42522812,-10.15382671
1492,image03188.jpg,-1.7969233990000002,33.51355362,-2.847723007
1494,image03190.jpg,-12.85995102,0.599891603,3.791265965
1497,image03196.jpg,29.27642822,-55.83892059,-21.16815376
1502,image03212.jpg,-12.16320229,0.6915653944,0.1353871226
1505,image03217.jpg,-11.03192997,2.286279202,-1.558391571
1506,image03222.jpg,-9.617413521,-20.68540001,3.357026815
1508,image03233.jpg,2.080894947,-25.6297226,-6.641562939
1509,image03235.jpg,1.561655521,-14.19669342,-0.588052094
1510,image03236.jpg,-13.82885361,11.78756714,-8.607656479
1512,image03238.jpg,-27.16318321,-2.343783617,1.134514093
1514,image03247.jpg,-6.686404705,-13.39258766,5.489456654
1516,image03250.jpg,5.349905491,3.5788118840000003,-7.209052563
1519,image03258.jpg,-48.7955513,69.06293488,-31.88229561
1521,image03264.jpg,-21.37617683,16.82077026,-7.162611961
1522,image03265.jpg,-19.02170753,-16.08205223,-3.284576416
1523,image03266.jpg,2.3552289010000003,0.0281601306099999,-9.333798409
1525,image03271.jpg,-4.815419197,-3.17873311,-6.370844841
1527,image03278.jpg,-5.059879303,-58.97007751,-6.844829559
1528,image03281.jpg,-9.526371956,-0.7979608178,-9.454930305
1536,image03324.jpg,17.30917931,-10.93651009,-0.8682727218
1537,image03345.jpg,23.14756393,-7.557749271,-4.830377579
1538,image03346.jpg,-6.70517683,-11.74671841,0.3918445706
1539,image03349.jpg,-3.893328905,-24.39512825,1.323368788
1540,image03350.jpg,19.6973896,-14.81873608,-4.290859699
1543,image03360.jpg,-17.3324852,15.80762577,-14.55148792
1545,image03362.jpg,-2.504036665,17.52287865,4.322361946
1546,image03364.jpg,7.058000088,18.88334274,4.678628922
1547,image03372.jpg,2.491890907,1.208905101,-13.79392242
1549,image03375.jpg,-6.053682327,-5.195301533,-2.327413082
1550,image03376.jpg,-14.98216915,-11.17586231,-2.882009506
1551,image03386.jpg,2.524989605,-2.491100788,-5.100309849
1553,image03390.jpg,5.660806179,12.34395409,0.673504591
1554,image03391.jpg,-7.188951969,14.03331661,-17.30499649
1555,image03392.jpg,-10.4660244,3.310253859,-2.465179205
1556,image03400.jpg,-11.20597744,-2.09766984,-9.210669518
1557,image03402.jpg,-0.4385348856,-4.825541496,-2.821294069
1558,image03404.jpg,1.456521034,22.71019554,3.392121792
1560,image03414.jpg,-9.496213913,-1.573500395,-3.311539173
1562,image03427.jpg,2.403479576,-6.731272697,-6.846382618
1565,image03440.jpg,-6.501357555,-8.082761765,4.988171101
1566,image03442.jpg,-0.9276534319,-6.214550972,11.96707916
1567,image03443.jpg,0.6662667394,0.9855943918,-3.646607399
1568,image03444.jpg,6.613871098,10.7134428,-11.20232868
1569,image03451.jpg,-0.8954699039,1.332005739,-4.074794292
1572,image03454.jpg,-10.51325512,35.35224533,2.367400885
1575,image03457.jpg,-2.052272558,-27.00354767,-4.080748558
1576,image03459.jpg,4.42633152,-9.039423943,0.8257479668000001
1577,image03461.jpg,14.71263218,-37.97996902,1.210647583
1582,image03479.jpg,3.22372508,-16.5671463,-7.047272205
1583,image03480.jpg,-19.61353302,-4.509738445,3.90728569
1586,image03498.jpg,7.607660294,-37.22399521,6.751179218
1587,image03499.jpg,-5.196762562,-10.646492,-1.092444062
